nPCs,Accuracy
10,0.6244444444444445
15,0.6155555555555555
20,0.5133333333333333
25,0.5
30,0.5533333333333333
35,0.5577777777777778
40,0.4866666666666667
