nPCs,Accuracy
10,0.6111111111111112
15,0.6288888888888889
20,0.47333333333333333
25,0.5266666666666666
30,0.4955555555555556
35,0.46
40,0.5222222222222223
