nPCs,Accuracy
10,0.4166666666666667
15,0.5380952380952381
20,0.7166666666666667
25,0.5092592592592593
30,0.48333333333333334
35,0.49731182795698925
40,0.3712121212121212
